entry_time,exit_time,type,entry_price,exit_price,sl,tp,lot_size,pips,profit,balance,reason,bars_held,conditions,has_order_block
2025-01-02 01:25:00,2025-01-02 10:45:00,BUY,1.03507,1.03371525,1.03371525,1.0391342499999998,0.74,-135.47499999999602,-100.25149999999705,9899.748500000003,Stop Loss,112,2,True
2025-01-02 10:50:00,2025-01-02 13:30:00,BUY,1.03217,1.031167142857143,1.031167142857143,1.0351785714285713,0.99,-100.28571428570831,-99.28285714285123,9800.465642857152,Stop Loss,32,2,False
2025-01-02 13:30:00,2025-01-02 16:00:00,SELL,1.03226,1.02579986,1.03441338,1.02579986,0.46,646.0139999999947,297.1664399999976,10097.63208285715,Take Profit,30,3,True
2025-01-02 16:05:00,2025-01-03 21:05:00,BUY,1.02522,1.0308899999999999,1.02333,1.0308899999999999,0.53,566.9999999999841,300.5099999999916,10398.14208285714,Take Profit,337,2,False
2025-01-03 21:05:00,2025-01-06 11:10:00,BUY,1.03092,1.03799877,1.02856041,1.03799877,0.44,707.8769999999901,311.46587999999565,10709.607962857137,Take Profit,168,2,True
2025-01-06 11:35:00,2025-01-06 14:15:00,SELL,1.04228,1.0365071428571433,1.0442042857142857,1.0365071428571433,0.56,577.2857142856801,323.2799999999809,11032.887962857118,Take Profit,32,3,False
2025-01-06 14:20:00,2025-01-07 07:40:00,BUY,1.03627,1.0420107142857142,1.0343564285714286,1.0420107142857142,0.58,574.0714285714209,332.9614285714241,11365.849391428541,Take Profit,208,3,False
2025-01-07 07:45:00,2025-01-07 12:35:00,BUY,1.0412,1.0399589999999999,1.0399589999999999,1.044923,0.92,-124.10000000000475,-114.17200000000437,11251.677391428537,Stop Loss,58,2,True
2025-01-07 12:35:00,2025-01-07 21:05:00,SELL,1.04024,1.0341463100000006,1.0422712299999999,1.0341463100000006,0.55,609.3689999999485,335.1529499999717,11586.83034142851,Take Profit,102,2,True
2025-01-07 21:40:00,2025-01-10 13:30:00,SELL,1.03404,1.025382330000001,1.0369258899999998,1.025382330000001,0.4,865.7669999999173,346.3067999999669,11933.137141428477,Take Profit,765,2,True
2025-01-10 13:35:00,2025-01-13 03:40:00,BUY,1.02342,1.0216821428571428,1.0216821428571428,1.0286335714285717,0.6900000000000001,-173.78571428572351,-119.91214285714923,11813.224998571328,Stop Loss,168,2,False
2025-01-13 04:00:00,2025-01-13 04:30:00,BUY,1.0218,1.0211925,1.0211925,1.0236225000000003,1.94,-60.7500000000094,-117.85500000001824,11695.36999857131,Stop Loss,6,2,False
2025-01-13 06:20:00,2025-01-13 22:55:00,SELL,1.02187,1.02505403,1.02505403,1.0123179100000004,0.37,-318.40299999998933,-117.80910999999605,11577.560888571314,Stop Loss,198,3,True
2025-01-13 23:05:00,2025-01-13 23:10:00,SELL,1.02555,1.0261757142857142,1.0261757142857142,1.0236728571428573,1.85,-62.57142857142294,-115.75714285713245,11461.803745714182,Stop Loss,1,2,False
2025-01-13 23:20:00,2025-01-14 01:30:00,BUY,1.02647,1.02422475,1.02422475,1.0332057500000003,0.51,-224.52500000000873,-114.50775000000445,11347.295995714177,Stop Loss,26,2,True
2025-01-14 01:40:00,2025-01-14 07:05:00,SELL,1.02451,1.0262652399999999,1.0262652399999999,1.0192442800000006,0.65,-175.52399999998246,-114.09059999998861,11233.205395714189,Stop Loss,65,2,True
2025-01-14 07:10:00,2025-01-15 13:30:00,BUY,1.02557,1.0317935600000003,1.02349548,1.0317935600000003,0.54,622.3560000000239,336.0722400000129,11569.277635714201,Take Profit,364,2,True
2025-01-15 13:35:00,2025-01-15 13:55:00,SELL,1.03353,1.0347782142857143,1.0347782142857143,1.0297853571428575,0.93,-124.82142857141997,-116.08392857142059,11453.19370714278,Stop Loss,4,2,False
2025-01-15 13:55:00,2025-01-15 15:05:00,BUY,1.0344,1.0314475200000002,1.0314475200000002,1.0432574399999994,0.39,-295.2479999999813,-115.14671999999271,11338.046987142787,Stop Loss,14,2,True
2025-01-15 15:10:00,2025-01-15 15:45:00,BUY,1.03225,1.0309374999999998,1.0309374999999998,1.0361875,0.86,-131.25000000000497,-112.87500000000428,11225.171987142783,Stop Loss,7,3,False
2025-01-15 15:55:00,2025-01-15 16:05:00,BUY,1.03058,1.0293682142857143,1.0293682142857143,1.0342153571428572,0.93,-121.17857142857068,-112.69607142857073,11112.475915714213,Stop Loss,2,3,False
2025-01-15 16:35:00,2025-01-16 13:30:00,BUY,1.02754,1.0261364285714285,1.0261364285714285,1.031750714285714,0.79,-140.35714285713928,-110.88214285714004,11001.593772857072,Stop Loss,251,2,False
2025-01-16 13:30:00,2025-01-16 16:00:00,SELL,1.02738,1.03059957,1.03059957,1.0177212900000001,0.34,-321.95699999999493,-109.46537999999829,10892.128392857074,Stop Loss,30,2,True
2025-01-16 16:10:00,2025-01-16 16:30:00,SELL,1.02919,1.0307457142857144,1.0307457142857144,1.024522857142857,0.7000000000000001,-155.57142857143268,-108.90000000000289,10783.22839285707,Stop Loss,4,2,False
2025-01-16 16:40:00,2025-01-17 15:05:00,SELL,1.03063,1.03215112,1.03215112,1.0260666399999998,0.71,-152.11200000000423,-107.999520000003,10675.228872857067,Stop Loss,269,2,True
2025-01-17 15:15:00,2025-01-17 16:05:00,BUY,1.03154,1.02885012,1.02885012,1.0396096399999997,0.4,-268.9879999999922,-107.5951999999969,10567.633672857071,Stop Loss,10,2,True
2025-01-17 16:05:00,2025-01-20 04:00:00,SELL,1.02871,1.03059957,1.03059957,1.0230412900000003,0.56,-188.9569999999896,-105.81591999999418,10461.817752857078,Stop Loss,142,2,True
2025-01-20 04:00:00,2025-01-20 13:30:00,BUY,1.03064,1.03969595,1.02762135,1.03969595,0.35000000000000003,905.5950000000034,316.9582500000012,10778.77600285708,Take Profit,114,2,True
2025-01-20 13:35:00,2025-01-20 14:40:00,BUY,1.03702,1.0424328571428572,1.0352157142857144,1.0424328571428572,0.6,541.2857142857108,324.7714285714265,11103.547431428506,Take Profit,13,2,False
2025-01-20 14:45:00,2025-01-20 17:25:00,SELL,1.04244,1.035850714285714,1.0446364285714287,1.035850714285714,0.51,658.9285714285963,336.0535714285841,11439.601002857089,Take Profit,32,2,False
2025-01-20 17:30:00,2025-01-20 20:05:00,BUY,1.03895,1.04266625,1.03771125,1.04266625,0.92,371.6249999999865,341.89499999998765,11781.496002857077,Take Profit,31,3,True
2025-01-20 20:15:00,2025-01-21 00:50:00,BUY,1.04169,1.0379809800000002,1.0379809800000002,1.0528170599999995,0.32,-370.90199999998407,-118.6886399999949,11662.807362857082,Stop Loss,55,2,True
2025-01-21 01:00:00,2025-01-21 09:40:00,BUY,1.03593,1.034322857142857,1.034322857142857,1.0407514285714288,0.73,-160.7142857142918,-117.32142857143302,11545.485934285649,Stop Loss,104,3,False
2025-01-21 09:45:00,2025-01-21 13:45:00,BUY,1.03489,1.0374871428571428,1.0340242857142858,1.0374871428571428,1.33,259.71428571427424,345.4199999999848,11890.905934285634,Take Profit,48,2,False
2025-01-21 13:45:00,2025-01-21 18:40:00,BUY,1.03719,1.0434184500000006,1.03511385,1.0434184500000006,0.5700000000000001,622.8450000000496,355.02165000002833,12245.927584285662,Take Profit,59,2,True
2025-01-21 18:40:00,2025-01-21 23:00:00,BUY,1.04319,1.04018877,1.04018877,1.05219369,0.41000000000000003,-300.1229999999966,-123.05042999999861,12122.877154285663,Stop Loss,52,2,True
2025-01-21 23:20:00,2025-01-22 09:50:00,BUY,1.04054,1.0437896428571427,1.0394567857142858,1.0437896428571427,1.12,324.96428571426867,363.95999999998094,12486.837154285644,Take Profit,126,2,False
2025-01-22 09:50:00,2025-01-22 14:10:00,BUY,1.04381,1.0417172399999999,1.0417172399999999,1.05008828,0.6,-209.27600000000265,-125.56560000000158,12361.271554285642,Stop Loss,52,2,True
2025-01-22 14:10:00,2025-01-24 02:40:00,SELL,1.04183,1.0445435,1.0445435,1.0336895,0.46,-271.3500000000035,-124.82100000000162,12236.45055428564,Stop Loss,438,2,True
2025-01-24 03:05:00,2025-01-24 08:10:00,BUY,1.04463,1.0481534999999995,1.0434555,1.0481534999999995,1.04,352.3499999999568,366.4439999999551,12602.894554285596,Take Profit,61,2,True
2025-01-24 08:20:00,2025-01-27 23:20:00,BUY,1.04725,1.04483412,1.04483412,1.0544976400000001,0.52,-241.58800000000366,-125.6257600000019,12477.268794285594,Stop Loss,467,2,True
2025-01-27 23:40:00,2025-01-28 02:05:00,BUY,1.04405,1.042727857142857,1.042727857142857,1.0480164285714284,0.9400000000000001,-132.2142857142827,-124.28142857142575,12352.987365714169,Stop Loss,29,2,False
2025-01-28 02:10:00,2025-01-28 08:55:00,BUY,1.04295,1.0419117857142859,1.0419117857142859,1.0460646428571425,1.19,-103.82142857141562,-123.54749999998458,12229.439865714185,Stop Loss,81,2,False
2025-01-28 08:55:00,2025-01-30 13:55:00,SELL,1.04249,1.0444834399999998,1.0444834399999998,1.0365096800000002,0.61,-199.3439999999902,-121.59983999999402,12107.840025714191,Stop Loss,636,2,True
2025-01-30 14:05:00,2025-01-30 14:45:00,BUY,1.04368,1.0419282142857142,1.0419282142857142,1.048935357142857,0.6900000000000001,-175.17857142856917,-120.87321428571273,11986.966811428478,Stop Loss,8,2,False
2025-01-30 14:45:00,2025-01-30 20:40:00,BUY,1.0424,1.03921974,1.03921974,1.0519407799999998,0.38,-318.0259999999935,-120.84987999999753,11866.11693142848,Stop Loss,71,2,True
2025-01-30 20:45:00,2025-01-30 21:05:00,BUY,1.04074,1.0396814285714284,1.0396814285714284,1.0439157142857147,1.12,-105.85714285715751,-118.56000000001643,11747.556931428464,Stop Loss,4,3,False
2025-01-30 21:15:00,2025-01-31 07:35:00,SELL,1.03965,1.0412249999999998,1.0412249999999998,1.0349250000000003,0.75,-157.4999999999882,-118.12499999999116,11629.431931428473,Stop Loss,124,2,False
2025-01-31 07:35:00,2025-01-31 08:50:00,BUY,1.04094,1.0381907700000002,1.0381907700000002,1.0491876899999995,0.42,-274.92299999998244,-115.46765999999262,11513.96427142848,Stop Loss,15,2,True
2025-01-31 09:05:00,2025-01-31 09:20:00,BUY,1.03768,1.036675,1.036675,1.0406949999999997,1.1500000000000001,-100.49999999999226,-115.5749999999911,11398.389271428488,Stop Loss,3,2,False
2025-01-31 09:20:00,2025-01-31 15:55:00,SELL,1.0369,1.03995892,1.03995892,1.02772324,0.37,-305.8919999999965,-113.1800399999987,11285.20923142849,Stop Loss,79,2,True
2025-01-31 16:00:00,2025-01-31 16:40:00,SELL,1.03931,1.04049946,1.04049946,1.03574162,0.9500000000000001,-118.94599999999754,-112.99869999999767,11172.21053142849,Stop Loss,8,3,True
2025-01-31 16:45:00,2025-01-31 18:30:00,BUY,1.03971,1.0367622,1.0367622,1.0485533999999994,0.38,-294.7799999999834,-112.01639999999368,11060.194131428498,Stop Loss,21,2,True
2025-01-31 18:35:00,2025-02-02 22:05:00,BUY,1.03716,1.03494402,1.03494402,1.0438079400000004,0.5,-221.59800000001172,-110.79900000000586,10949.395131428491,Stop Loss,41,3,True
2025-02-02 22:10:00,2025-02-03 00:20:00,BUY,1.02513,1.0225928571428573,1.0225928571428573,1.0327414285714285,0.43,-253.71428571427933,-109.09714285714011,10840.297988571352,Stop Loss,26,2,False
2025-02-03 00:25:00,2025-02-03 03:10:00,BUY,1.02364,1.0215432142857144,1.0215432142857144,1.0299303571428573,0.52,-209.67857142857315,-109.03285714285805,10731.265131428494,Stop Loss,33,3,False
2025-02-03 04:00:00,2025-02-03 12:15:00,SELL,1.02324,1.0256646399999998,1.0256646399999998,1.0159660800000003,0.44,-242.46399999998667,-106.68415999999414,10624.5809714285,Stop Loss,99,2,True
2025-02-03 12:15:00,2025-02-03 15:40:00,BUY,1.02561,1.03345206,1.02299598,1.03345206,0.41000000000000003,784.2059999999983,321.52445999999935,10946.1054314285,Take Profit,41,2,True
2025-02-03 15:45:00,2025-02-03 21:40:00,SELL,1.03145,1.0340717857142856,1.0340717857142856,1.0235846428571431,0.42,-262.1785714285618,-110.11499999999594,10835.990431428503,Stop Loss,71,2,False
2025-02-03 21:50:00,2025-02-03 23:05:00,SELL,1.03342,1.0347367857142857,1.0347367857142857,1.0294696428571428,0.8200000000000001,-131.67857142857287,-107.97642857142976,10728.014002857073,Stop Loss,15,2,False
2025-02-03 23:05:00,2025-02-04 00:35:00,BUY,1.0348,1.03193703,1.03193703,1.04338891,0.37,-286.297000000002,-105.92989000000074,10622.084112857072,Stop Loss,18,2,True
2025-02-04 00:35:00,2025-02-04 14:05:00,SELL,1.03185,1.035034,1.035034,1.0222979999999997,0.33,-318.40000000000754,-105.07200000000249,10517.01211285707,Stop Loss,162,2,True
2025-02-04 14:05:00,2025-02-07 17:15:00,BUY,1.03525,1.0321068599999998,1.0321068599999998,1.0446794200000005,0.33,-314.3140000000155,-103.72362000000511,10413.288492857066,Stop Loss,902,2,True
2025-02-07 17:20:00,2025-02-09 22:05:00,BUY,1.03266,1.0304057142857141,1.0304057142857141,1.0394228571428572,0.46,-225.4285714285764,-103.69714285714514,10309.59134999992,Stop Loss,56,2,False
2025-02-09 22:10:00,2025-02-10 07:00:00,BUY,1.02942,1.0322003571428575,1.0284932142857142,1.0322003571428575,1.11,278.03571428575145,308.61964285718415,10618.210992857104,Take Profit,106,2,False
2025-02-10 07:00:00,2025-02-10 22:10:00,BUY,1.03215,1.03018878,1.03018878,1.0380336599999995,0.54,-196.12199999998745,-105.90587999999323,10512.305112857111,Stop Loss,182,2,True
2025-02-10 22:20:00,2025-02-11 09:00:00,SELL,1.03038,1.0319609299999999,1.0319609299999999,1.0256372100000006,0.66,-158.09299999998137,-104.34137999998771,10407.963732857124,Stop Loss,128,2,True
2025-02-11 09:35:00,2025-02-12 16:55:00,BUY,1.03152,1.03890027,1.02905991,1.03890027,0.42,738.0270000000077,309.9713400000032,10717.935072857128,Take Profit,376,2,True
2025-02-12 17:20:00,2025-02-12 19:05:00,BUY,1.04138,1.03867029,1.03867029,1.04950913,0.4,-270.9709999999976,-108.38839999999905,10609.546672857128,Stop Loss,21,2,True
2025-02-12 19:05:00,2025-02-12 22:10:00,BUY,1.03889,1.0379364285714288,1.0379364285714288,1.041750714285714,1.11,-95.35714285713314,-105.84642857141779,10503.70024428571,Stop Loss,37,2,False
2025-02-12 22:30:00,2025-02-13 02:25:00,SELL,1.03806,1.0402091699999998,1.0402091699999998,1.0316124900000005,0.49,-214.91699999998113,-105.30932999999075,10398.39091428572,Stop Loss,47,2,True
2025-02-13 02:25:00,2025-02-14 14:35:00,BUY,1.04023,1.05018385,1.03691205,1.05018385,0.31,995.3850000000041,308.56935000000124,10706.96026428572,Take Profit,434,2,True
2025-02-14 14:50:00,2025-02-17 08:00:00,SELL,1.05047,1.047593214285714,1.0514289285714287,1.047593214285714,1.12,287.6785714285956,322.2000000000271,11029.160264285747,Take Profit,205,2,False
2025-02-17 08:25:00,2025-02-20 23:30:00,SELL,1.04743,1.05046942,1.05046942,1.0383117400000004,0.36,-303.94199999999034,-109.41911999999652,10919.74114428575,Stop Loss,1045,2,True
2025-02-20 23:30:00,2025-02-21 10:05:00,SELL,1.05016,1.0465891,1.0513503,1.0465891,0.92,357.0899999999932,328.52279999999377,11248.263944285743,Take Profit,127,2,True
2025-02-21 10:05:00,2025-02-21 14:45:00,SELL,1.04657,1.04911807,1.04911807,1.03892579,0.44,-254.80700000000132,-112.11508000000059,11136.148864285742,Stop Loss,56,2,True
2025-02-21 14:50:00,2025-02-21 15:20:00,SELL,1.04844,1.0460485714285719,1.0492371428571428,1.0460485714285719,1.4000000000000001,239.14285714281556,334.7999999999418,11470.948864285683,Take Profit,6,3,False
2025-02-21 15:45:00,2025-02-24 00:25:00,SELL,1.0459,1.0496786299999998,1.0496786299999998,1.0345641100000007,0.3,-377.8629999999783,-113.35889999999348,11357.58996428569,Stop Loss,103,2,True
2025-02-24 00:35:00,2025-02-24 00:45:00,SELL,1.04918,1.0498817857142857,1.0498817857142857,1.047074642857143,1.62,-70.17857142856964,-113.68928571428282,11243.900678571406,Stop Loss,2,3,False
2025-02-24 00:50:00,2025-02-24 08:15:00,BUY,1.05036,1.0480209299999999,1.0480209299999999,1.0573772100000003,0.48,-233.90700000001095,-112.27536000000525,11131.625318571401,Stop Loss,89,2,True
2025-02-24 08:15:00,2025-02-25 13:30:00,SELL,1.04721,1.0502391899999999,1.0502391899999999,1.0381224300000003,0.37,-302.9189999999904,-112.08002999999644,11019.545288571404,Stop Loss,351,2,True
2025-02-25 13:50:00,2025-02-25 15:10:00,SELL,1.05026,1.0509425000000001,1.0509425000000001,1.0482124999999995,1.61,-68.25000000001413,-109.88250000002274,10909.66278857138,Stop Loss,16,2,False
2025-02-25 15:30:00,2025-02-25 17:00:00,SELL,1.05126,1.049112857142857,1.0519757142857145,1.049112857142857,1.52,214.7142857143125,326.365714285755,11236.028502857136,Take Profit,18,2,False
2025-02-25 18:40:00,2025-02-26 05:35:00,BUY,1.0514000000000001,1.0492497,1.0492497,1.0578509000000003,0.52,-215.03000000000492,-111.81560000000256,11124.212902857134,Stop Loss,131,2,True
2025-02-26 05:35:00,2025-02-26 17:00:00,SELL,1.04919,1.0515605099999998,1.0515605099999998,1.0420784700000008,0.47000000000000003,-237.05099999997702,-111.4139699999892,11012.798932857146,Stop Loss,137,2,True
2025-02-26 17:15:00,2025-02-26 17:25:00,SELL,1.05125,1.0519903571428573,1.0519903571428573,1.0490289285714283,1.49,-74.03571428572508,-110.31321428573037,10902.485718571415,Stop Loss,2,2,False
2025-02-26 17:35:00,2025-02-27 16:00:00,SELL,1.04939,1.0408964900000004,1.05222117,1.0408964900000004,0.39,849.3509999999649,331.2468899999863,11233.732608571401,Take Profit,269,3,True
2025-02-27 16:10:00,2025-03-03 09:55:00,SELL,1.04059,1.04253149,1.04253149,1.0347655299999996,0.58,-194.1490000000101,-112.60642000000584,11121.126188571396,Stop Loss,500,2,True
2025-03-03 09:55:00,2025-03-04 08:25:00,BUY,1.0427,1.0515523699999996,1.03974921,1.0515523699999996,0.38,885.2369999999609,336.3900599999851,11457.51624857138,Take Profit,270,2,True
2025-03-04 09:50:00,2025-03-04 11:50:00,SELL,1.0514000000000001,1.05328223,1.05328223,1.0457533100000005,0.61,-188.22299999998737,-114.8160299999923,11342.700218571388,Stop Loss,24,3,True
2025-03-04 12:05:00,2025-03-04 12:30:00,SELL,1.05405,1.0550710714285714,1.0550710714285714,1.0509867857142856,1.11,-102.10714285714405,-113.33892857142992,11229.361289999959,Stop Loss,5,2,False
2025-03-04 12:35:00,2025-03-04 12:50:00,SELL,1.05445,1.0555235714285716,1.0555235714285716,1.0512292857142858,1.05,-107.35714285714513,-112.7250000000024,11116.636289999957,Stop Loss,3,2,False
2025-03-04 13:15:00,2025-03-04 15:00:00,SELL,1.05478,1.0518485714285717,1.0557571428571428,1.0518485714285717,1.1400000000000001,293.14285714283625,334.18285714283337,11450.81914714279,Take Profit,21,2,False
2025-03-04 15:05:00,2025-03-04 15:15:00,BUY,1.05234,1.0512867857142858,1.0512867857142858,1.0554996428571428,1.09,-105.32142857142544,-114.80035714285374,11336.018789999936,Stop Loss,2,2,False
2025-03-04 15:15:00,2025-03-04 16:20:00,SELL,1.05059,1.0538227699999998,1.0538227699999998,1.0408916900000003,0.35000000000000003,-323.27699999998845,-113.14694999999597,11222.87183999994,Stop Loss,13,2,True
2025-03-04 16:20:00,2025-03-04 20:20:00,BUY,1.05297,1.06221282,1.04988906,1.06221282,0.36,924.2820000000095,332.7415200000034,11555.613359999943,Take Profit,48,3,True
2025-03-04 20:20:00,2025-03-05 09:00:00,BUY,1.06224,1.0711809600000002,1.05925968,1.0711809600000002,0.39,894.0960000000108,348.69744000000424,11904.310799999947,Take Profit,152,2,True
2025-03-05 09:05:00,2025-03-06 00:30:00,BUY,1.0699,1.0800327699999999,1.0665224100000001,1.0800327699999999,0.35000000000000003,1013.276999999979,354.64694999999267,12258.95774999994,Take Profit,185,2,True
2025-03-06 00:30:00,2025-03-06 18:40:00,BUY,1.07985,1.07753139,1.07753139,1.0868058299999996,0.53,-231.86099999998876,-122.88632999999405,12136.071419999946,Stop Loss,218,2,True
2025-03-06 18:45:00,2025-03-06 19:40:00,SELL,1.07776,1.0800089299999998,1.0800089299999998,1.071013210000001,0.54,-224.89299999997047,-121.44221999998406,12014.629199999961,Stop Loss,11,2,True
2025-03-06 19:40:00,2025-03-11 13:20:00,BUY,1.08017,1.09204187,1.07621271,1.09204187,0.3,1187.1870000000006,356.15610000000015,12370.785299999961,Take Profit,799,2,True
2025-03-11 13:20:00,2025-03-12 12:35:00,BUY,1.09223,1.08869022,1.08869022,1.1028493400000003,0.35000000000000003,-353.9780000000103,-123.89230000000362,12246.892999999958,Stop Loss,279,2,True
2025-03-12 12:35:00,2025-03-12 16:15:00,SELL,1.08927,1.09258149,1.09258149,1.07933553,0.37,-331.1489999999972,-122.52512999999897,12124.36786999996,Stop Loss,44,4,True
2025-03-12 16:20:00,2025-03-13 06:15:00,BUY,1.09167,1.0877112,1.0877112,1.1035463999999997,0.31,-395.8799999999929,-122.72279999999779,12001.645069999962,Stop Loss,167,2,True
2025-03-13 06:15:00,2025-03-13 12:45:00,SELL,1.08805,1.0834044699999996,1.08959851,1.0834044699999996,0.78,464.55300000003416,362.35134000002665,12363.996409999989,Take Profit,78,2,True
2025-03-13 12:50:00,2025-03-13 13:10:00,BUY,1.08401,1.0822571428571428,1.0822571428571428,1.0892685714285713,0.71,-175.28571428571115,-124.45285714285491,12239.543552857134,Stop Loss,4,2,False
2025-03-13 13:20:00,2025-03-13 16:40:00,BUY,1.08302,1.0875200000000003,1.08152,1.0875200000000003,0.8200000000000001,450.000000000017,369.000000000014,12608.543552857149,Take Profit,40,2,False
2025-03-13 16:45:00,2025-03-14 10:35:00,SELL,1.08651,1.0882171299999999,1.0882171299999999,1.0813886100000007,0.74,-170.7129999999779,-126.32761999998365,12482.215932857165,Stop Loss,214,3,True
2025-03-14 10:55:00,2025-03-14 13:45:00,BUY,1.08949,1.0879664285714286,1.0879664285714286,1.0940607142857146,0.8200000000000001,-152.35714285715127,-124.93285714286405,12357.283075714302,Stop Loss,34,2,False
2025-03-14 13:45:00,2025-03-18 08:10:00,BUY,1.08796,1.0946404600000006,1.0857331799999999,1.0946404600000006,0.55,668.0460000000554,367.4253000000305,12724.708375714332,Take Profit,508,2,True
2025-03-18 08:10:00,2025-03-18 12:30:00,BUY,1.09465,1.0911977099999999,1.0911977099999999,1.10500687,0.37,-345.22900000000243,-127.7347300000009,12596.973645714332,Stop Loss,52,2,True
2025-03-18 12:40:00,2025-03-18 16:35:00,BUY,1.09057,1.0936203571428573,1.0895532142857143,1.0936203571428573,1.24,305.0357142857285,378.2442857143033,12975.217931428635,Take Profit,47,2,False
2025-03-18 16:35:00,2025-03-19 07:05:00,BUY,1.09369,1.09168722,1.09168722,1.09969834,0.65,-200.27799999999817,-130.1806999999988,12845.037231428636,Stop Loss,174,2,True
2025-03-19 07:05:00,2025-03-20 13:25:00,SELL,1.091,1.0823516300000002,1.0938827899999999,1.0823516300000002,0.45,864.8369999999738,389.17664999998823,13234.213881428625,Take Profit,364,2,True
2025-03-20 13:25:00,2025-03-20 19:20:00,SELL,1.08223,1.08525417,1.08525417,1.07315749,0.44,-302.41699999999923,-133.06347999999966,13101.150401428626,Stop Loss,71,2,True
2025-03-20 19:20:00,2025-03-21 05:20:00,BUY,1.08524,1.0825563599999999,1.0825563599999999,1.0932909200000003,0.49,-268.3640000000098,-131.4983600000048,12969.65204142862,Stop Loss,120,2,True
2025-03-21 05:20:00,2025-03-21 11:50:00,SELL,1.08256,1.08471363,1.08471363,1.07609911,0.6,-215.36300000000173,-129.21780000000103,12840.43424142862,Stop Loss,78,2,True
2025-03-21 11:50:00,2025-03-21 15:50:00,BUY,1.08464,1.08136755,1.08136755,1.0944573500000003,0.39,-327.2450000000093,-127.62555000000364,12712.808691428616,Stop Loss,48,2,True
2025-03-21 15:55:00,2025-03-23 23:45:00,BUY,1.08059,1.0831582142857143,1.0797339285714285,1.0831582142857143,1.49,256.82142857144095,382.663928571447,13095.472620000062,Take Profit,93,2,False
2025-03-24 02:20:00,2025-03-24 07:10:00,SELL,1.08275,1.08457349,1.08457349,1.0772795300000007,0.72,-182.34899999998166,-131.29127999998678,12964.181340000076,Stop Loss,58,2,True
2025-03-24 07:10:00,2025-03-24 13:45:00,BUY,1.08463,1.08133758,1.08133758,1.0945072599999999,0.39,-329.2419999999962,-128.40437999999853,12835.776960000077,Stop Loss,79,2,True
2025-03-24 14:05:00,2025-03-24 16:40:00,BUY,1.08002,1.0789314285714287,1.0789314285714287,1.083285714285714,1.18,-108.85714285713276,-128.45142857141664,12707.325531428662,Stop Loss,31,2,False
2025-03-24 16:45:00,2025-03-25 08:05:00,BUY,1.079,1.0780582142857142,1.0780582142857142,1.081825357142857,1.35,-94.17857142857143,-127.14107142857144,12580.18446000009,Stop Loss,184,2,False
2025-03-25 08:05:00,2025-03-25 10:05:00,SELL,1.07826,1.0804093299999997,1.0804093299999997,1.0718120100000008,0.59,-214.9329999999727,-126.8104699999839,12453.373990000106,Stop Loss,24,2,True
2025-03-25 10:05:00,2025-03-26 13:30:00,BUY,1.0803,1.07673219,1.07673219,1.0910034300000002,0.35000000000000003,-356.781000000006,-124.8733500000021,12328.500640000104,Stop Loss,329,2,True
2025-03-26 13:30:00,2025-03-27 15:30:00,SELL,1.07695,1.08009902,1.08009902,1.0675029400000002,0.39,-314.90199999999464,-122.81177999999791,12205.688860000106,Stop Loss,312,2,True
2025-03-27 15:50:00,2025-03-27 16:00:00,BUY,1.08066,1.0795285714285714,1.0795285714285714,1.0840542857142856,1.08,-113.14285714285609,-122.19428571428458,12083.494574285822,Stop Loss,2,2,False
2025-03-27 16:00:00,2025-03-28 10:05:00,BUY,1.07988,1.0767222,1.0767222,1.0893533999999996,0.38,-315.7799999999877,-119.99639999999532,11963.498174285827,Stop Loss,217,3,True
2025-03-28 10:05:00,2025-03-28 13:20:00,SELL,1.0771600000000001,1.0806896099999999,1.0806896099999999,1.066571170000001,0.34,-352.96099999997386,-120.00673999999113,11843.491434285836,Stop Loss,39,2,True
2025-03-28 13:25:00,2025-04-02 20:10:00,BUY,1.08038,1.0885062499999993,1.07767125,1.0885062499999993,0.44,812.6249999999445,357.55499999997556,12201.04643428581,Take Profit,944,3,True
2025-04-02 20:15:00,2025-04-02 20:25:00,BUY,1.08884,1.0871642857142858,1.0871642857142858,1.0938671428571427,0.73,-167.57142857142247,-122.3271428571384,12078.719291428672,Stop Loss,2,2,False
2025-04-02 20:25:00,2025-04-02 20:30:00,BUY,1.08531,1.0832057099999999,1.0832057099999999,1.0916228700000004,0.5700000000000001,-210.42900000001194,-119.94453000000682,11958.774761428665,Stop Loss,1,2,True
2025-04-02 20:30:00,2025-04-02 22:10:00,BUY,1.08394,1.0807310714285714,1.0807310714285714,1.0935667857142854,0.37,-320.89285714285154,-118.73035714285507,11840.04440428581,Stop Loss,13,3,False
2025-04-02 22:15:00,2025-04-02 23:25:00,BUY,1.0812599999999999,1.0878332142857146,1.0790689285714283,1.0878332142857146,0.54,657.3214285714668,354.95357142859206,12194.997975714403,Take Profit,14,2,False
2025-04-02 23:25:00,2025-04-03 05:25:00,SELL,1.08872,1.09352243,1.09352243,1.0743127099999998,0.25,-480.2430000000024,-120.0607500000006,12074.937225714402,Stop Loss,72,2,True
2025-04-03 06:05:00,2025-04-03 06:30:00,SELL,1.09465,1.0958082142857142,1.0958082142857142,1.091175357142857,1.04,-115.82142857142762,-120.45428571428472,11954.482940000118,Stop Loss,5,2,False
2025-04-03 07:05:00,2025-04-03 08:25:00,SELL,1.09775,1.0994942857142858,1.0994942857142858,1.0925171428571427,0.6900000000000001,-174.42857142857537,-120.35571428571701,11834.127225714401,Stop Loss,16,2,False
2025-04-03 08:50:00,2025-04-03 10:10:00,BUY,1.10153,1.1129864299999994,1.09771119,1.1129864299999994,0.31,1145.6429999999516,355.149329999985,12189.276555714387,Take Profit,16,2,True
2025-04-03 10:15:00,2025-04-03 17:40:00,SELL,1.11086,1.1022842857142858,1.1137185714285713,1.1022842857142858,0.43,857.5714285714131,368.7557142857076,12558.032270000094,Take Profit,89,2,False
2025-04-03 17:45:00,2025-04-03 20:45:00,SELL,1.1019700000000001,1.1046535499999999,1.1046535499999999,1.0939193500000008,0.47000000000000003,-268.3549999999757,-126.12684999998858,12431.905420000106,Stop Loss,36,2,True
2025-04-03 22:40:00,2025-04-03 23:20:00,BUY,1.1063,1.10452437,1.10452437,1.1116268900000001,0.7000000000000001,-177.56300000000277,-124.29410000000195,12307.611320000104,Stop Loss,8,2,True
2025-04-03 23:25:00,2025-04-04 03:30:00,SELL,1.10442,1.1079668599999999,1.1079668599999999,1.0937794200000002,0.35000000000000003,-354.68599999999293,-124.14009999999753,12183.471220000107,Stop Loss,49,2,True
2025-04-04 05:30:00,2025-04-04 06:40:00,SELL,1.10883,1.1060207142857141,1.1097664285714286,1.1060207142857141,1.3,280.9285714285847,365.20714285716014,12548.678362857267,Take Profit,14,2,False
2025-04-04 06:40:00,2025-04-04 07:30:00,BUY,1.10633,1.1045843100000001,1.1045843100000001,1.1115670699999998,0.72,-174.56899999999106,-125.68967999999356,12422.988682857273,Stop Loss,10,2,True
2025-04-04 07:50:00,2025-04-04 07:55:00,BUY,1.10183,1.1003310714285717,1.1003310714285717,1.1063267857142853,0.8300000000000001,-149.8928571428415,-124.41107142855846,12298.577611428715,Stop Loss,1,2,False
2025-04-04 08:05:00,2025-04-04 09:00:00,BUY,1.10017,1.0981814285714286,1.0981814285714286,1.1061357142857144,0.62,-198.85714285714505,-123.29142857142993,12175.286182857284,Stop Loss,11,2,False
2025-04-04 09:15:00,2025-04-04 10:05:00,BUY,1.09819,1.0966385714285714,1.0966385714285714,1.102844285714286,0.78,-155.14285714286478,-121.01142857143454,12054.274754285849,Stop Loss,10,2,False
2025-04-04 10:05:00,2025-04-04 10:15:00,SELL,1.09847,1.1003092099999998,1.1003092099999998,1.0929523700000008,0.66,-183.92099999997578,-121.38785999998402,11932.886894285864,Stop Loss,2,2,True
2025-04-04 10:15:00,2025-04-04 10:20:00,SELL,1.10025,1.10171061,1.10171061,1.0958681699999997,0.8200000000000001,-146.06100000000842,-119.77002000000691,11813.116874285857,Stop Loss,1,2,True
2025-04-04 10:20:00,2025-04-04 11:35:00,SELL,1.10326,1.10669559,1.10669559,1.0929532299999998,0.34,-343.55900000000435,-116.81006000000149,11696.306814285856,Stop Loss,15,3,True
2025-04-04 11:45:00,2025-04-04 12:25:00,SELL,1.1065,1.108617142857143,1.108617142857143,1.1001485714285713,0.55,-211.71428571429283,-116.44285714286106,11579.863957142994,Stop Loss,8,2,False
2025-04-04 12:25:00,2025-04-04 12:40:00,BUY,1.1081,1.1031657300000002,1.1031657300000002,1.1229028099999998,0.23,-493.4269999999907,-113.48820999999786,11466.375747142996,Stop Loss,3,2,True
2025-04-04 12:40:00,2025-04-04 12:50:00,BUY,1.10286,1.10116773,1.10116773,1.1079368099999998,0.68,-169.226999999994,-115.07435999999593,11351.301387143001,Stop Loss,2,2,True
2025-04-04 12:50:00,2025-04-04 14:30:00,BUY,1.10144,1.0985364285714285,1.0985364285714285,1.1101507142857143,0.39,-290.35714285714494,-113.23928571428652,11238.062101428715,Stop Loss,20,2,False
2025-04-04 14:30:00,2025-04-07 06:45:00,SELL,1.09839,1.10218108,1.10218108,1.0870167599999998,0.3,-379.10800000000575,-113.73240000000172,11124.329701428713,Stop Loss,194,2,True
2025-04-07 06:50:00,2025-04-07 07:05:00,SELL,1.10008,1.10266156,1.10266156,1.0923353199999997,0.43,-258.1560000000094,-111.00708000000404,11013.322621428708,Stop Loss,3,3,True
2025-04-07 07:15:00,2025-04-07 09:25:00,SELL,1.10273,1.0964396428571428,1.1048267857142857,1.0964396428571428,0.53,629.0357142857195,333.38892857143134,11346.71155000014,Take Profit,26,2,False
2025-04-07 09:25:00,2025-04-09 00:45:00,SELL,1.09595,1.10058949,1.10058949,1.08203153,0.24,-463.9489999999968,-111.34775999999923,11235.363790000141,Stop Loss,472,2,True
2025-04-09 00:50:00,2025-04-09 01:20:00,BUY,1.10046,1.1036292857142855,1.0994035714285715,1.1036292857142855,1.06,316.9285714285541,335.9442857142674,11571.308075714409,Take Profit,6,2,False
2025-04-09 01:25:00,2025-04-09 08:00:00,BUY,1.10376,1.10041848,1.10041848,1.11378456,0.35000000000000003,-334.1519999999986,-116.95319999999953,11454.354875714409,Stop Loss,79,2,True
2025-04-09 08:05:00,2025-04-09 12:25:00,BUY,1.10102,1.1073810714285717,1.098899642857143,1.1073810714285717,0.54,636.1071428571563,343.4978571428644,11797.852732857273,Take Profit,52,3,False
2025-04-09 12:40:00,2025-04-09 16:55:00,SELL,1.10795,1.1019007142857142,1.1099664285714286,1.1019007142857142,0.59,604.9285714285757,356.9078571428596,12154.760590000133,Take Profit,51,2,False
2025-04-09 17:05:00,2025-04-09 17:20:00,BUY,1.10142,1.0996810714285714,1.0996810714285714,1.106636785714286,0.7000000000000001,-173.8928571428655,-121.72500000000586,12033.035590000127,Stop Loss,3,2,False
2025-04-09 17:25:00,2025-04-09 17:45:00,SELL,1.09782,1.1009989285714286,1.1009989285714286,1.0882832142857144,0.38,-317.89285714285404,-120.79928571428454,11912.236304285841,Stop Loss,4,3,False
2025-04-09 18:10:00,2025-04-10 10:10:00,BUY,1.093,1.1069564285714286,1.088347857142857,1.1069564285714286,0.26,1395.6428571428646,362.8671428571448,12275.103447142987,Take Profit,192,2,False
2025-04-10 10:15:00,2025-04-10 10:35:00,SELL,1.1064,1.1076964285714286,1.1076964285714286,1.1025107142857145,0.9500000000000001,-129.64285714285316,-123.16071428571051,12151.942732857276,Stop Loss,4,2,False
2025-04-10 10:40:00,2025-04-10 14:50:00,BUY,1.1071,1.11515656,1.10441448,1.11515656,0.45,805.6559999999989,362.5451999999995,12514.487932857275,Take Profit,50,2,True
2025-04-10 14:50:00,2025-04-11 00:30:00,BUY,1.11613,1.1304773800000005,1.11134754,1.1304773800000005,0.26,1434.7380000000464,373.0318800000121,12887.519812857287,Take Profit,116,2,True
2025-04-11 00:35:00,2025-04-11 08:00:00,SELL,1.13458,1.1379196428571428,1.1379196428571428,1.1245610714285714,0.39,-333.9642857142832,-130.24607142857047,12757.273741428717,Stop Loss,89,2,False
2025-04-11 08:05:00,2025-04-11 08:50:00,BUY,1.13536,1.1455093299999997,1.13197689,1.1455093299999997,0.38,1014.9329999999734,385.6745399999899,13142.948281428706,Take Profit,9,3,True
2025-04-11 08:50:00,2025-04-11 09:10:00,BUY,1.14384,1.1386801800000002,1.1386801800000002,1.1593194599999994,0.25,-515.9819999999814,-128.99549999999536,13013.95278142871,Stop Loss,4,2,True
2025-04-11 09:10:00,2025-04-11 09:30:00,BUY,1.13991,1.1386801800000002,1.1386801800000002,1.1435994599999995,1.06,-122.98199999998259,-130.36091999998155,12883.59186142873,Stop Loss,4,2,True
2025-04-11 09:30:00,2025-04-11 10:30:00,BUY,1.13972,1.1355033600000002,1.1355033600000002,1.1523699199999997,0.31,-421.6639999999882,-130.71583999999635,12752.876021428732,Stop Loss,12,2,True
2025-04-11 10:30:00,2025-04-11 10:55:00,BUY,1.13552,1.13197689,1.13197689,1.1461493300000003,0.36,-354.31100000000714,-127.55196000000257,12625.32406142873,Stop Loss,5,2,True
2025-04-11 11:00:00,2025-04-11 15:15:00,BUY,1.1348799999999999,1.13197689,1.13197689,1.1435893299999995,0.43,-290.31099999998753,-124.83372999999463,12500.490331428735,Stop Loss,51,4,True
2025-04-11 15:20:00,2025-04-11 16:15:00,BUY,1.13235,1.1300764285714286,1.1300764285714286,1.139170714285714,0.55,-227.35714285713192,-125.04642857142257,12375.443902857312,Stop Loss,11,2,False
2025-04-11 16:30:00,2025-04-11 20:55:00,BUY,1.12897,1.1357585714285714,1.126707142857143,1.1357585714285714,0.55,678.8571428571365,373.3714285714251,12748.815331428737,Take Profit,53,2,False
2025-04-11 20:55:00,2025-04-13 21:05:00,BUY,1.13571,1.13308578,1.13308578,1.1435826599999999,0.49,-262.4219999999955,-128.5867799999978,12620.22855142874,Stop Loss,1,2,True
2025-04-13 21:05:00,2025-04-14 01:20:00,BUY,1.13155,1.1387208700000004,1.12915971,1.1387208700000004,0.53,717.0870000000384,380.0561100000204,13000.28466142876,Take Profit,51,2,True
2025-04-14 01:40:00,2025-04-14 06:30:00,SELL,1.13911,1.1408210714285716,1.1408210714285716,1.1339767857142855,0.76,-171.10714285715198,-130.04142857143552,12870.243232857323,Stop Loss,58,2,False
2025-04-14 06:40:00,2025-04-14 12:20:00,SELL,1.14132,1.1360164285714283,1.143087857142857,1.1360164285714283,0.73,530.3571428571629,387.1607142857289,13257.403947143051,Take Profit,68,2,False
2025-04-14 12:30:00,2025-04-16 19:25:00,SELL,1.13666,1.1412100699999999,1.1412100699999999,1.1230097900000005,0.29,-455.006999999985,-131.95202999999563,13125.451917143057,Stop Loss,656,2,True
2025-04-16 19:30:00,2025-04-16 23:30:00,SELL,1.13941,1.1404964285714287,1.1404964285714287,1.136150714285714,1.21,-108.64285714287102,-131.45785714287393,12993.994060000183,Stop Loss,48,2,False
2025-04-16 23:30:00,2025-04-17 00:05:00,BUY,1.14058,1.13804082,1.13804082,1.1481975399999995,0.51,-253.9179999999863,-129.49817999999303,12864.49588000019,Stop Loss,7,2,True
2025-04-17 00:05:00,2025-04-17 00:35:00,BUY,1.13836,1.13721165,1.13721165,1.14180505,1.12,-114.83500000000201,-128.61520000000226,12735.880680000188,Stop Loss,6,2,True
2025-04-17 00:35:00,2025-04-17 01:00:00,BUY,1.13743,1.136467857142857,1.136467857142857,1.1403164285714287,1.32,-96.21428571429112,-127.00285714286429,12608.877822857323,Stop Loss,5,2,False
2025-04-17 01:05:00,2025-04-17 08:40:00,SELL,1.13611,1.13871758,1.13871758,1.1282872599999998,0.48,-260.7580000000053,-125.16384000000255,12483.71398285732,Stop Loss,91,2,True
2025-04-17 08:40:00,2025-04-17 12:20:00,BUY,1.13801,1.13457429,1.13457429,1.14831713,0.36,-343.57099999999804,-123.68555999999928,12360.02842285732,Stop Loss,44,2,True
2025-04-17 12:20:00,2025-04-17 14:25:00,SELL,1.1344,1.1384072699999999,1.1384072699999999,1.1223781900000007,0.31,-400.7269999999785,-124.22536999999333,12235.803052857327,Stop Loss,25,2,True
2025-04-17 14:30:00,2025-04-21 00:10:00,BUY,1.1368,1.1475830200000001,1.13320566,1.1475830200000001,0.34,1078.3020000000088,366.622680000003,12602.42573285733,Take Profit,400,2,True
2025-04-21 00:10:00,2025-04-22 16:55:00,BUY,1.14693,1.14341544,1.14341544,1.1574736799999998,0.36,-351.4559999999944,-126.52415999999798,12475.901572857332,Stop Loss,489,2,True
2025-04-22 17:15:00,2025-04-22 22:25:00,SELL,1.14425,1.13303948,1.14798684,1.13303948,0.33,1121.051999999989,369.94715999999636,12845.848732857328,Take Profit,59,2,True
2025-04-22 22:40:00,2025-04-23 09:00:00,BUY,1.13343,1.1415814285714285,1.130712857142857,1.1415814285714285,0.47000000000000003,815.1428571428587,383.1171428571436,13228.965875714472,Take Profit,124,2,False
2025-04-23 09:25:00,2025-04-23 10:30:00,SELL,1.143,1.1393550000000001,1.144215,1.1393550000000001,1.09,364.4999999999898,397.3049999999889,13626.270875714461,Take Profit,13,2,False
2025-04-23 10:30:00,2025-04-23 13:45:00,BUY,1.13973,1.1368619999999998,1.1368619999999998,1.1483340000000002,0.48,-286.8000000000092,-137.66400000000442,13488.606875714457,Stop Loss,39,2,True
2025-04-23 14:05:00,2025-04-23 17:55:00,BUY,1.13483,1.1324525,1.1324525,1.1419624999999998,0.5700000000000001,-237.74999999999213,-135.51749999999552,13353.08937571446,Stop Loss,46,2,False
2025-04-23 17:55:00,2025-04-24 01:25:00,SELL,1.13291,1.1355243899999998,1.1355243899999998,1.1250668300000009,0.51,-261.43899999997444,-133.33388999998698,13219.755485714473,Stop Loss,90,2,True
2025-04-24 01:30:00,2025-04-24 07:00:00,SELL,1.13475,1.1357196428571428,1.1357196428571428,1.1318410714285714,1.36,-96.96428571428494,-131.87142857142751,13087.884057143046,Stop Loss,66,2,False
2025-04-24 07:00:00,2025-04-25 04:00:00,BUY,1.1359,1.13217669,1.13217669,1.1470699299999993,0.35000000000000003,-372.33099999998126,-130.31584999999345,12957.568207143053,Stop Loss,252,2,True
2025-04-25 04:05:00,2025-04-25 06:40:00,BUY,1.13222,1.135344285714286,1.1311785714285714,1.135344285714286,1.24,312.4285714285912,387.41142857145314,13344.979635714506,Take Profit,31,2,False
2025-04-25 06:40:00,2025-05-01 01:20:00,BUY,1.13465,1.13097789,1.13097789,1.1456663299999996,0.36,-367.2109999999895,-132.1959599999962,13212.78367571451,Stop Loss,1087,2,True
2025-05-01 01:40:00,2025-05-01 11:15:00,SELL,1.13107,1.13356243,1.13356243,1.12359271,0.53,-249.24299999999897,-132.09878999999947,13080.68488571451,Stop Loss,115,2,True
2025-05-01 11:15:00,2025-05-01 14:00:00,BUY,1.13366,1.13018868,1.13018868,1.1440739599999994,0.38,-347.1319999999833,-131.91015999999365,12948.774725714517,Stop Loss,33,2,True
2025-05-01 14:00:00,2025-05-02 09:40:00,SELL,1.13096,1.13496383,1.13496383,1.1189485099999998,0.32,-400.38300000000413,-128.12256000000133,12820.652165714515,Stop Loss,236,2,True
2025-05-02 10:05:00,2025-05-02 12:30:00,BUY,1.13452,1.1308779899999999,1.1308779899999999,1.1454460300000002,0.35000000000000003,-364.2010000000084,-127.47035000000294,12693.181815714512,Stop Loss,29,2,True
2025-05-02 12:35:00,2025-05-02 17:00:00,BUY,1.13339,1.1312376299999998,1.1312376299999998,1.1398471100000003,0.59,-215.23700000001253,-126.98983000000739,12566.191985714504,Stop Loss,53,4,True
2025-05-02 17:20:00,2025-05-02 17:40:00,BUY,1.13146,1.1303210714285714,1.1303210714285714,1.1348767857142854,1.1,-113.8928571428499,-125.2821428571349,12440.909842857369,Stop Loss,4,2,False
2025-05-02 17:40:00,2025-05-05 02:30:00,SELL,1.13045,1.13431318,1.13431318,1.11886046,0.32,-386.3179999999966,-123.6217599999989,12317.28808285737,Stop Loss,105,2,True
2025-05-05 02:30:00,2025-05-05 06:30:00,BUY,1.1344,1.13199687,1.13199687,1.1416093900000002,0.51,-240.3130000000031,-122.55963000000158,12194.72845285737,Stop Loss,48,2,True
2025-05-05 06:30:00,2025-05-05 12:25:00,SELL,1.13214,1.1358347,1.1358347,1.1210558999999998,0.33,-369.47000000000503,-121.92510000000166,12072.803352857367,Stop Loss,71,2,True
2025-05-05 12:30:00,2025-05-05 15:30:00,BUY,1.13541,1.1325962699999998,1.1325962699999998,1.1438511900000006,0.43,-281.37300000001807,-120.99039000000776,11951.812962857359,Stop Loss,36,2,True
2025-05-05 15:30:00,2025-05-06 14:15:00,SELL,1.13226,1.13575462,1.13575462,1.1217761400000004,0.34,-349.46199999998925,-118.81707999999635,11832.995882857362,Stop Loss,273,2,True
2025-05-06 14:15:00,2025-05-06 22:25:00,BUY,1.13468,1.13282604,1.13282604,1.1402418799999994,0.64,-185.3959999999821,-118.65343999998855,11714.342442857373,Stop Loss,98,3,True
2025-05-06 22:30:00,2025-05-07 00:20:00,BUY,1.13433,1.1331717857142858,1.1331717857142858,1.137804642857143,1.01,-115.82142857142762,-116.9796428571419,11597.36280000023,Stop Loss,22,2,False
2025-05-07 00:20:00,2025-05-07 06:20:00,BUY,1.13282,1.13699768,1.13142744,1.13699768,0.8300000000000001,417.7679999999961,346.7474399999968,11944.110240000227,Take Profit,72,2,True
2025-05-07 06:20:00,2025-05-07 18:45:00,BUY,1.13639,1.1331057599999999,1.1331057599999999,1.1462427200000005,0.36,-328.424000000016,-118.23264000000576,11825.877600000222,Stop Loss,149,2,True
2025-05-07 18:45:00,2025-05-08 15:40:00,SELL,1.1333,1.1262364400000002,1.13565452,1.1262364400000002,0.5,706.3559999999746,353.1779999999873,12179.055600000209,Take Profit,251,3,True
2025-05-08 15:40:00,2025-05-12 07:20:00,SELL,1.12622,1.1146731800000003,1.13006894,1.1146731800000003,0.32,1154.6819999999734,369.4982399999915,12548.5538400002,Take Profit,475,2,True
2025-05-12 07:30:00,2025-05-12 07:50:00,BUY,1.11206,1.109837857142857,1.109837857142857,1.118726428571429,0.56,-222.21428571429502,-124.44000000000523,12424.113840000195,Stop Loss,4,2,False
2025-05-12 07:55:00,2025-05-12 10:40:00,BUY,1.11046,1.1078124999999999,1.1078124999999999,1.1184025000000004,0.47000000000000003,-264.7500000000136,-124.4325000000064,12299.681340000188,Stop Loss,33,2,False
2025-05-12 10:50:00,2025-05-12 13:20:00,BUY,1.1085099999999999,1.1128844799999995,1.10705184,1.1128844799999995,0.84,437.4479999999625,367.4563199999685,12667.137660000157,Take Profit,30,3,True
2025-05-12 13:25:00,2025-05-12 17:20:00,SELL,1.1123,1.1080321700000004,1.11372261,1.1080321700000004,0.89,426.7829999999639,379.8368699999679,13046.974530000125,Take Profit,47,3,True
2025-05-12 17:20:00,2025-05-13 03:45:00,SELL,1.10805,1.11130019,1.11130019,1.0982994300000002,0.4,-325.018999999993,-130.0075999999972,12916.966930000128,Stop Loss,125,2,True
2025-05-13 04:30:00,2025-05-13 19:55:00,BUY,1.11139,1.1190398500000005,1.10884005,1.1190398500000005,0.51,764.9850000000401,390.1423500000205,13307.109280000148,Take Profit,185,2,True
2025-05-13 19:55:00,2025-05-16 14:50:00,BUY,1.11893,1.11531357,1.11531357,1.1297792899999997,0.37,-361.64299999998923,-133.807909999996,13173.301370000152,Stop Loss,803,2,True
2025-05-16 15:25:00,2025-05-18 21:05:00,SELL,1.11433,1.11694583,1.11694583,1.1064825100000004,0.5,-261.58299999998746,-130.79149999999373,13042.509870000158,Stop Loss,67,2,True
2025-05-18 21:05:00,2025-05-18 21:25:00,SELL,1.11721,1.117837857142857,1.117837857142857,1.1153264285714288,2.08,-62.78571428570689,-130.59428571427034,12911.915584285887,Stop Loss,4,2,False
2025-05-18 21:30:00,2025-05-18 22:00:00,SELL,1.1172900000000001,1.1179221428571429,1.1179221428571429,1.1153935714285719,2.04,-63.21428571427478,-128.95714285712054,12782.958441428767,Stop Loss,6,4,False
2025-05-18 22:40:00,2025-05-19 02:05:00,BUY,1.11869,1.11720168,1.11720168,1.12315496,0.86,-148.83199999999874,-127.99551999999892,12654.962921428769,Stop Loss,41,2,True
2025-05-19 02:05:00,2025-05-19 06:20:00,BUY,1.11778,1.1202324999999997,1.1169625,1.1202324999999997,1.55,245.24999999997465,380.1374999999607,13035.10042142873,Take Profit,51,2,False
2025-05-19 07:00:00,2025-05-19 09:05:00,BUY,1.12098,1.12659069,1.1191097700000001,1.12659069,0.7000000000000001,561.0689999999918,392.7482999999943,13427.848721428723,Take Profit,25,2,True
2025-05-19 09:05:00,2025-05-19 17:10:00,BUY,1.12668,1.1228760000000002,1.1228760000000002,1.138091999999999,0.35000000000000003,-380.3999999999696,-133.13999999998939,13294.708721428735,Stop Loss,97,2,True
2025-05-19 17:30:00,2025-05-20 00:20:00,BUY,1.12305,1.1223878571428572,1.1223878571428572,1.125036428571429,2.0100000000000002,-66.21428571429443,-133.09071428573182,13161.618007143003,Stop Loss,82,2,False
2025-05-20 00:20:00,2025-05-20 05:25:00,SELL,1.12231,1.12541429,1.12541429,1.11299713,0.42,-310.42900000000094,-130.3801800000004,13031.237827143003,Stop Loss,61,2,True
2025-05-20 05:40:00,2025-05-20 06:10:00,SELL,1.1253,1.1259128571428572,1.1259128571428572,1.1234614285714284,2.13,-61.285714285719266,-130.53857142858203,12900.69925571442,Stop Loss,6,2,False
2025-05-20 06:10:00,2025-05-20 12:15:00,BUY,1.12615,1.12323564,1.12323564,1.1348930799999997,0.44,-291.43599999998935,-128.23183999999532,12772.467415714425,Stop Loss,73,2,True
2025-05-20 12:30:00,2025-05-20 17:40:00,SELL,1.12352,1.1273962699999998,1.1273962699999998,1.111891190000001,0.33,-387.6269999999682,-127.9169099999895,12644.550505714436,Stop Loss,62,2,True
2025-05-20 18:00:00,2025-05-21 10:30:00,BUY,1.12727,1.13613632,1.12431456,1.13613632,0.43,886.6320000000094,381.251760000004,13025.802265714441,Take Profit,198,2,True
2025-05-21 10:35:00,2025-05-21 11:55:00,SELL,1.1353,1.1319475000000003,1.1364174999999999,1.1319475000000003,1.17,335.2499999999647,392.2424999999587,13418.0447657144,Take Profit,16,2,False
2025-05-21 11:55:00,2025-05-22 07:30:00,BUY,1.13236,1.13005881,1.13005881,1.1392635700000002,0.58,-230.1190000000064,-133.4690200000037,13284.575745714395,Stop Loss,235,2,True
2025-05-22 07:35:00,2025-05-22 09:00:00,BUY,1.13083,1.1296675,1.1296675,1.1343174999999999,1.1400000000000001,-116.24999999999551,-132.5249999999949,13152.050745714401,Stop Loss,17,2,False
2025-05-22 09:10:00,2025-05-22 12:35:00,BUY,1.12997,1.128959642857143,1.128959642857143,1.133001071428571,1.3,-101.03571428570211,-131.34642857141276,13020.704317142989,Stop Loss,41,3,False
2025-05-22 12:55:00,2025-05-22 13:55:00,BUY,1.12948,1.12837,1.12837,1.1328099999999999,1.17,-110.99999999999443,-129.86999999999347,12890.834317142995,Stop Loss,12,2,False
2025-05-22 14:05:00,2025-05-22 15:05:00,BUY,1.12969,1.12732155,1.12732155,1.1367953500000003,0.54,-236.84500000000773,-127.89630000000419,12762.938017142991,Stop Loss,12,4,True
2025-05-22 15:05:00,2025-05-23 01:35:00,SELL,1.1267800000000001,1.1308697399999998,1.1308697399999998,1.114510780000001,0.31,-408.97399999997305,-126.78193999999165,12636.156077143,Stop Loss,126,2,True
2025-05-23 01:35:00,2025-05-26 00:20:00,BUY,1.1308,1.1385080800000003,1.12823064,1.1385080800000003,0.49,770.8080000000227,377.69592000001114,13013.85199714301,Take Profit,272,2,True
2025-05-26 00:20:00,2025-05-27 07:20:00,BUY,1.13879,1.1353734899999999,1.1353734899999999,1.1490395300000003,0.38,-341.65100000000945,-129.8273800000036,12884.024617143006,Stop Loss,372,2,True
2025-05-27 07:35:00,2025-05-27 07:45:00,BUY,1.13521,1.1342157142857143,1.1342157142857143,1.1381928571428572,1.3,-99.42857142857252,-129.2571428571443,12754.767474285862,Stop Loss,2,2,False
2025-05-27 08:00:00,2025-05-27 15:10:00,BUY,1.13447,1.1334296428571429,1.1334296428571429,1.1375910714285717,1.23,-104.03571428572177,-127.96392857143778,12626.803545714423,Stop Loss,86,2,False
2025-05-27 15:25:00,2025-05-27 15:35:00,BUY,1.13376,1.1328792857142858,1.1328792857142858,1.1364021428571431,1.43,-88.07142857143457,-125.94214285715142,12500.861402857272,Stop Loss,2,2,False
2025-05-27 15:40:00,2025-05-28 23:20:00,SELL,1.13296,1.1269184800000005,1.1349738399999998,1.1269184800000005,0.62,604.1519999999467,374.57423999996695,12875.43564285724,Take Profit,380,2,True
2025-05-28 23:45:00,2025-05-29 07:00:00,BUY,1.12297,1.127794642857143,1.1213617857142857,1.127794642857143,0.8,482.4642857143013,385.97142857144104,13261.40707142868,Take Profit,87,3,False
2025-05-29 07:05:00,2025-05-29 09:30:00,SELL,1.12727,1.128305,1.128305,1.1241650000000003,1.28,-103.4999999999897,-132.4799999999868,13128.927071428694,Stop Loss,29,2,False
2025-05-29 09:30:00,2025-05-29 16:15:00,BUY,1.12819,1.13768845,1.12502385,1.13768845,0.41000000000000003,949.8449999999935,389.43644999999736,13518.363521428691,Take Profit,81,2,True
2025-05-29 16:20:00,2025-05-29 17:40:00,SELL,1.13715,1.1379878571428572,1.1379878571428572,1.1346364285714288,1.61,-83.78571428571124,-134.8949999999951,13383.468521428696,Stop Loss,16,2,False
2025-05-29 17:45:00,2025-05-30 07:05:00,SELL,1.13769,1.1334961500000005,1.13908795,1.1334961500000005,0.96,419.384999999961,402.60959999996254,13786.07812142866,Take Profit,160,4,True
2025-05-30 07:05:00,2025-05-30 17:15:00,SELL,1.13319,1.1362951599999997,1.1362951599999997,1.1238745200000004,0.44,-310.5159999999829,-136.6270399999925,13649.451081428668,Stop Loss,122,2,True
2025-05-30 17:25:00,2025-05-30 17:35:00,SELL,1.13589,1.1365617857142858,1.1365617857142858,1.133874642857143,2.0300000000000002,-67.1785714285722,-136.37250000000157,13513.078581428666,Stop Loss,2,2,False
2025-05-30 18:20:00,2025-06-02 01:25:00,SELL,1.13584,1.13780667,1.13780667,1.1299399899999998,0.6900000000000001,-196.6670000000059,-135.7002300000041,13377.378351428662,Stop Loss,84,2,True
2025-06-02 01:40:00,2025-06-05 13:25:00,BUY,1.13777,1.1493051799999998,1.13392494,1.1493051799999998,0.35000000000000003,1153.5179999999866,403.7312999999954,13781.109651428658,Take Profit,1005,2,True
2025-06-05 14:00:00,2025-06-05 15:05:00,BUY,1.14697,1.1449096428571428,1.1449096428571428,1.1531510714285718,0.67,-206.03571428572386,-138.043928571435,13643.065722857224,Stop Loss,13,2,False
2025-06-05 15:10:00,2025-06-06 12:10:00,BUY,1.14506,1.14063822,1.14063822,1.1583253399999998,0.31,-442.17799999999306,-137.07517999999786,13505.990542857226,Stop Loss,252,4,True
2025-06-06 12:15:00,2025-06-06 12:30:00,BUY,1.14107,1.1403457142857143,1.1403457142857143,1.1432428571428572,1.86,-72.42857142857328,-134.7171428571463,13371.27340000008,Stop Loss,3,3,False
2025-06-06 12:35:00,2025-06-06 12:45:00,SELL,1.13923,1.140682857142857,1.140682857142857,1.1348714285714285,0.92,-145.28571428571445,-133.6628571428573,13237.610542857223,Stop Loss,2,2,False
2025-06-06 13:00:00,2025-06-09 02:05:00,SELL,1.13923,1.14201087,1.14201087,1.1308873899999998,0.48,-278.0870000000046,-133.4817600000022,13104.12878285722,Stop Loss,156,2,True
2025-06-09 03:10:00,2025-06-09 13:05:00,BUY,1.14202,1.13937948,1.13937948,1.1499415600000005,0.5,-264.0520000000146,-132.0260000000073,12972.102782857213,Stop Loss,119,2,True
2025-06-09 13:05:00,2025-06-09 18:30:00,SELL,1.13941,1.1429518099999998,1.1429518099999998,1.1287845700000008,0.37,-354.1809999999756,-131.04696999999098,12841.055812857223,Stop Loss,65,2,True
2025-06-09 18:50:00,2025-06-10 01:50:00,BUY,1.14289,1.13997888,1.13997888,1.15162336,0.44,-291.11200000000446,-128.08928000000196,12712.966532857221,Stop Loss,84,2,True
2025-06-10 02:05:00,2025-06-10 10:25:00,SELL,1.13894,1.1420609199999998,1.1420609199999998,1.1295772400000008,0.41000000000000003,-312.0919999999749,-127.95771999998972,12585.008812857232,Stop Loss,100,2,True
2025-06-10 10:25:00,2025-06-11 23:00:00,BUY,1.14213,1.15107087,1.13914971,1.15107087,0.42,894.0869999999989,375.5165399999995,12960.52535285723,Take Profit,439,2,True
2025-06-11 23:00:00,2025-06-12 10:25:00,BUY,1.1508,1.1588677800000005,1.14811074,1.1588677800000005,0.48,806.7780000000412,387.25344000001974,13347.77879285725,Take Profit,137,2,True
2025-06-12 10:25:00,2025-06-13 00:35:00,BUY,1.1589800000000001,1.15550334,1.15550334,1.1694099800000002,0.38,-347.666000000002,-132.11308000000076,13215.66571285725,Stop Loss,170,2,True
2025-06-13 00:45:00,2025-06-13 03:00:00,BUY,1.15554,1.1534175,1.1534175,1.1619075,0.62,-212.2500000000027,-131.59500000000168,13084.070712857249,Stop Loss,27,2,False
2025-06-13 03:20:00,2025-06-13 04:25:00,BUY,1.15333,1.152067857142857,1.152067857142857,1.1571164285714286,1.04,-126.21428571428783,-131.26285714285933,12952.807855714389,Stop Loss,13,2,False
2025-06-13 04:30:00,2025-06-13 05:25:00,BUY,1.15232,1.1514135714285716,1.1514135714285716,1.1550392857142853,1.43,-90.64285714284192,-129.61928571426395,12823.188570000126,Stop Loss,11,3,False
2025-06-13 05:35:00,2025-06-13 07:10:00,BUY,1.15268,1.1557014285714282,1.1516728571428572,1.1557014285714282,1.27,302.1428571428286,383.7214285713923,13206.909998571518,Take Profit,19,3,False
2025-06-13 07:15:00,2025-06-13 10:35:00,SELL,1.15483,1.1505935714285718,1.1562421428571428,1.1505935714285718,0.9400000000000001,423.6428571428252,398.22428571425576,13605.134284285774,Take Profit,40,2,False
2025-06-13 10:40:00,2025-06-13 10:45:00,BUY,1.15117,1.1501135714285715,1.1501135714285715,1.1543392857142856,1.29,-105.64285714285137,-136.27928571427827,13468.854998571496,Stop Loss,1,2,False
2025-06-13 10:45:00,2025-06-13 14:00:00,SELL,1.1491,1.1527515999999998,1.1527515999999998,1.1381452000000007,0.37,-365.15999999997547,-135.10919999999092,13333.745798571505,Stop Loss,39,2,True
2025-06-13 14:15:00,2025-06-13 14:25:00,SELL,1.1534,1.1543814285714284,1.1543814285714284,1.1504557142857146,1.36,-98.14285714284664,-133.47428571427145,13200.271512857233,Stop Loss,2,2,False
2025-06-13 14:35:00,2025-06-13 15:15:00,SELL,1.15387,1.1549746428571428,1.1549746428571428,1.1505560714285714,1.19,-110.46428571428456,-131.45249999999862,13068.819012857233,Stop Loss,8,4,False
2025-06-13 15:15:00,2025-06-17 14:30:00,BUY,1.15538,1.15212672,1.15212672,1.1651398400000001,0.4,-325.3280000000025,-130.131200000001,12938.687812857232,Stop Loss,566,2,True
2025-06-17 15:25:00,2025-06-23 15:25:00,SELL,1.15199,1.1544733199999997,1.1544733199999997,1.1445400400000012,0.52,-248.33199999996222,-129.13263999998037,12809.555172857252,Stop Loss,1151,2,True
2025-06-23 15:25:00,2025-06-23 16:35:00,BUY,1.15475,1.15180704,1.15180704,1.1635788799999998,0.44,-294.29599999999385,-129.4902399999973,12680.064932857254,Stop Loss,14,2,True
2025-06-23 16:40:00,2025-06-24 14:20:00,BUY,1.15454,1.1627388799999996,1.15180704,1.1627388799999996,0.46,819.8879999999685,377.14847999998557,13057.21341285724,Take Profit,260,3,True
2025-06-24 14:30:00,2025-06-25 07:50:00,SELL,1.1633499999999999,1.1597017857142857,1.1645660714285713,1.1597017857142857,1.07,364.8214285714157,390.3589285714148,13447.572341428655,Take Profit,208,2,False
2025-06-25 07:55:00,2025-06-25 12:50:00,BUY,1.15981,1.1589517857142857,1.1589517857142857,1.162384642857143,1.57,-85.82142857143093,-134.73964285714655,13312.832698571508,Stop Loss,59,2,False
2025-06-25 12:50:00,2025-06-25 15:00:00,SELL,1.15903,1.1624613,1.1624613,1.1487361000000003,0.39,-343.12999999999147,-133.8206999999967,13179.011998571512,Stop Loss,26,2,True
2025-06-25 15:00:00,2025-06-26 08:10:00,BUY,1.16223,1.1726997000000006,1.1587401,1.1726997000000006,0.38,1046.9700000000469,397.8486000000178,13576.86059857153,Take Profit,206,2,True
2025-06-26 08:20:00,2025-06-26 12:00:00,BUY,1.17265,1.1693095199999999,1.1693095199999999,1.1826714400000002,0.41000000000000003,-334.048000000009,-136.9596800000037,13439.900918571526,Stop Loss,44,2,True
2025-06-26 12:00:00,2025-06-26 13:25:00,SELL,1.16916,1.17142025,1.17142025,1.16237925,0.59,-226.02499999999634,-133.35474999999784,13306.546168571527,Stop Loss,17,2,True
2025-06-26 13:25:00,2025-06-26 22:35:00,BUY,1.17185,1.1682206099999999,1.1682206099999999,1.1827381700000006,0.37,-362.93900000001764,-134.28743000000654,13172.258738571521,Stop Loss,110,2,True
2025-06-26 22:50:00,2025-06-27 03:25:00,SELL,1.16825,1.1705994299999998,1.1705994299999998,1.1612017100000007,0.56,-234.94299999997634,-131.56807999998676,13040.690658571535,Stop Loss,55,2,True
2025-06-27 03:25:00,2025-07-01 01:20:00,BUY,1.1707,1.1806256800000001,1.16739144,1.1806256800000001,0.39,992.5680000000046,387.1015200000018,13427.792178571537,Take Profit,550,2,True
2025-07-01 01:20:00,2025-07-01 16:00:00,BUY,1.17959,1.1766222,1.1766222,1.1884933999999998,0.45,-296.77999999999645,-133.5509999999984,13294.24117857154,Stop Loss,176,2,True
2025-07-01 16:00:00,2025-07-01 20:25:00,SELL,1.17661,1.1799888099999998,1.1799888099999998,1.1664735700000004,0.39,-337.8809999999843,-131.77358999999387,13162.467588571546,Stop Loss,53,2,True
2025-07-01 20:25:00,2025-07-02 11:25:00,BUY,1.18014,1.1763524699999999,1.1763524699999999,1.1915025900000003,0.35000000000000003,-378.7530000000094,-132.56355000000332,13029.904038571543,Stop Loss,180,2,True
2025-07-02 11:25:00,2025-07-02 15:45:00,SELL,1.17628,1.1788676899999997,1.1788676899999997,1.168516930000001,0.5,-258.7689999999698,-129.3844999999849,12900.519538571558,Stop Loss,52,2,True
2025-07-02 15:55:00,2025-07-03 12:30:00,BUY,1.17888,1.17543339,1.17543339,1.1892198299999996,0.37,-344.6609999999905,-127.52456999999649,12772.994968571562,Stop Loss,247,2,True
2025-07-03 12:35:00,2025-07-03 12:45:00,BUY,1.17434,1.1728453571428572,1.1728453571428572,1.1788239285714281,0.85,-149.46428571427361,-127.04464285713257,12645.95032571443,Stop Loss,2,2,False
2025-07-03 13:25:00,2025-07-15 13:30:00,SELL,1.17639,1.1653233000000007,1.1800788999999998,1.1653233000000007,0.34,1106.6699999999319,376.2677999999769,13022.218125714408,Take Profit,2303,2,True
2025-07-15 13:30:00,2025-07-16 15:15:00,SELL,1.165,1.1682570899999998,1.1682570899999998,1.1552287300000008,0.4,-325.708999999974,-130.2835999999896,12891.934525714418,Stop Loss,309,2,True
2025-07-16 15:20:00,2025-07-16 15:30:00,SELL,1.16713,1.16968,1.16968,1.1594799999999998,0.51,-255.0000000000052,-130.05000000000265,12761.884525714415,Stop Loss,2,3,False
2025-07-16 15:35:00,2025-07-17 06:15:00,SELL,1.17017,1.1603760714285716,1.1734346428571427,1.1603760714285716,0.39,979.3928571428355,381.9632142857059,13143.847740000121,Take Profit,176,2,False
2025-07-17 06:15:00,2025-07-18 01:45:00,SELL,1.15994,1.1632120499999998,1.1632120499999998,1.1501238500000004,0.4,-327.20499999998594,-130.88199999999438,13012.965740000127,Stop Loss,234,2,True
2025-07-18 01:55:00,2025-07-21 14:30:00,BUY,1.16288,1.1685864199999996,1.16097786,1.1685864199999996,0.68,570.6419999999656,388.03655999997665,13401.002300000104,Take Profit,438,2,True
2025-07-21 14:55:00,2025-07-22 16:05:00,BUY,1.1696,1.1758960099999995,1.1675013300000001,1.1758960099999995,0.64,629.6009999999574,402.9446399999727,13803.946940000076,Take Profit,302,2,True
2025-07-22 16:35:00,2025-07-23 05:45:00,SELL,1.17536,1.1727339285714282,1.1762353571428572,1.1727339285714282,1.58,262.6071428571741,414.9192857143351,14218.866225714411,Take Profit,158,2,False
2025-07-23 05:45:00,2025-07-23 07:20:00,SELL,1.17306,1.1751739999999997,1.1751739999999997,1.1667180000000008,0.67,-211.3999999999727,-141.6379999999817,14077.22822571443,Stop Loss,19,2,True
2025-07-23 07:25:00,2025-07-23 12:30:00,SELL,1.1743999999999999,1.1720471428571428,1.1751842857142856,1.1720471428571428,1.79,235.28571428570453,421.16142857141114,14498.389654285842,Take Profit,61,2,False
2025-07-23 12:55:00,2025-07-23 15:55:00,SELL,1.17248,1.1745033299999998,1.1745033299999998,1.1664100100000003,0.72,-202.33299999998786,-145.67975999999126,14352.70989428585,Stop Loss,36,2,True
2025-07-23 16:10:00,2025-07-25 13:05:00,BUY,1.17429,1.17096786,1.17096786,1.1842564200000003,0.43,-332.2140000000084,-142.85202000000362,14209.857874285846,Stop Loss,539,2,True
2025-07-25 13:10:00,2025-07-25 18:05:00,BUY,1.1710099999999999,1.1739317857142855,1.1700360714285714,1.1739317857142855,1.46,292.1785714285585,426.58071428569536,14636.438588571542,Take Profit,59,2,False
2025-07-25 18:05:00,2025-07-28 07:25:00,BUY,1.17394,1.17097785,1.17097785,1.1828264499999996,0.49,-296.21499999998855,-145.14534999999438,14491.293238571547,Stop Loss,159,2,True
2025-07-28 08:45:00,2025-07-28 16:55:00,SELL,1.1675,1.15988339,1.17003887,1.15988339,0.5700000000000001,761.6609999999912,434.146769999995,14925.440008571542,Take Profit,98,2,True
2025-07-28 16:55:00,2025-07-30 12:35:00,SELL,1.15989,1.1481520800000007,1.1638026399999999,1.1481520800000007,0.38,1173.7919999999401,446.04095999997725,15371.480968571519,Take Profit,524,2,True
2025-07-30 12:35:00,2025-08-01 12:45:00,SELL,1.14918,1.1533421899999998,1.1533421899999998,1.136693430000001,0.37,-416.2189999999732,-154.0010299999901,15217.479938571529,Stop Loss,578,2,True
2025-08-01 13:00:00,2025-08-01 13:30:00,SELL,1.15418,1.1574435714285713,1.1574435714285713,1.1443892857142859,0.47000000000000003,-326.3571428571365,-153.3878571428542,15064.092081428675,Stop Loss,6,3,False
2025-08-01 13:30:00,2025-08-01 17:10:00,BUY,1.15733,1.15248636,1.15248636,1.17186092,0.31,-484.3640000000037,-150.15284000000116,14913.939241428674,Stop Loss,44,2,True
2025-08-01 17:20:00,2025-08-01 17:30:00,BUY,1.15319,1.1521657142857142,1.1521657142857142,1.156262857142857,1.46,-102.42857142856997,-149.54571428571214,14764.393527142962,Stop Loss,2,2,False
2025-08-01 18:20:00,2025-08-01 19:40:00,SELL,1.15333,1.1576064499999998,1.1576064499999998,1.1405006500000003,0.35000000000000003,-427.6449999999876,-149.67574999999567,14614.717777142967,Stop Loss,16,2,True
2025-08-01 20:35:00,2025-08-04 01:10:00,SELL,1.15912,1.1551567857142857,1.1604410714285713,1.1551567857142857,1.11,396.32142857142225,439.9167857142787,15054.634562857245,Take Profit,54,2,False
2025-08-04 01:15:00,2025-08-04 01:50:00,SELL,1.1556,1.1571059499999998,1.1571059499999998,1.1510821500000004,1.0,-150.5949999999867,-150.5949999999867,14904.039562857259,Stop Loss,7,2,True
2025-08-04 01:50:00,2025-08-06 10:05:00,SELL,1.1571,1.1594583,1.1594583,1.1500251,0.63,-235.8300000000035,-148.57290000000222,14755.466662857256,Stop Loss,675,2,True
2025-08-06 10:20:00,2025-08-07 07:45:00,BUY,1.16012,1.1687252300000002,1.15725159,1.1687252300000002,0.51,860.523000000013,438.8667300000066,15194.333392857263,Take Profit,257,2,True
2025-08-07 08:05:00,2025-08-07 11:05:00,SELL,1.16876,1.1660053571428572,1.1696782142857143,1.1660053571428572,1.6500000000000001,275.4642857142775,454.5160714285579,15648.84946428582,Take Profit,36,2,False
2025-08-07 11:05:00,2025-08-12 15:40:00,SELL,1.16594,1.16908792,1.16908792,1.15649624,0.5,-314.7919999999971,-157.39599999999854,15491.453464285822,Stop Loss,918,2,True
2025-08-12 15:45:00,2025-08-14 12:30:00,BUY,1.16852,1.16629254,1.16629254,1.1752023800000002,0.7000000000000001,-222.74600000000697,-155.9222000000049,15335.531264285817,Stop Loss,537,2,True
2025-08-14 12:35:00,2025-08-14 13:00:00,BUY,1.16745,1.16559324,1.16559324,1.1730202800000005,0.8300000000000001,-185.67600000001238,-154.11108000001028,15181.420184285807,Stop Loss,5,3,True
2025-08-14 13:00:00,2025-08-15 13:05:00,SELL,1.16638,1.1700488799999997,1.1700488799999997,1.1553733600000007,0.41000000000000003,-366.88799999997633,-150.4240799999903,15030.996104285818,Stop Loss,289,2,True
2025-08-15 13:10:00,2025-08-15 13:45:00,SELL,1.16907,1.17039923,1.17039923,1.1650823100000005,1.1300000000000001,-132.9229999999848,-150.20298999998283,14880.793114285834,Stop Loss,7,3,True
2025-08-15 13:45:00,2025-08-18 08:00:00,BUY,1.17042,1.16749134,1.16749134,1.17920598,0.51,-292.8660000000027,-149.3616600000014,14731.431454285834,Stop Loss,218,2,True
2025-08-18 08:45:00,2025-08-21 14:45:00,SELL,1.16858,1.1605997900000002,1.1712400699999999,1.1605997900000002,0.55,798.020999999971,438.91154999998406,15170.343004285818,Take Profit,936,2,True
2025-08-21 14:50:00,2025-08-21 15:10:00,BUY,1.1615199999999999,1.16035848,1.16035848,1.1650045599999996,1.31,-116.15199999999159,-152.15911999998897,15018.183884285829,Stop Loss,4,3,True
2025-08-21 15:10:00,2025-08-22 14:00:00,SELL,1.16074,1.1640528899999998,1.1640528899999998,1.150801330000001,0.45,-331.2889999999679,-149.08004999998556,14869.103834285843,Stop Loss,274,2,True
2025-08-22 14:00:00,2025-08-22 14:15:00,BUY,1.16607,1.1704542857142854,1.1646085714285714,1.1704542857142854,1.02,438.4285714285507,447.1971428571217,15316.300977142964,Take Profit,3,3,False
2025-08-22 14:20:00,2025-08-22 14:50:00,SELL,1.16922,1.1711721428571429,1.1711721428571429,1.163363571428571,0.78,-195.21428571429576,-152.2671428571507,15164.033834285814,Stop Loss,6,2,False
2025-08-22 15:15:00,2025-08-22 17:05:00,SELL,1.17161,1.1732235714285715,1.1732235714285715,1.1667692857142857,0.9400000000000001,-161.35714285714363,-151.67571428571503,15012.358120000099,Stop Loss,22,2,False
2025-08-22 17:05:00,2025-08-25 00:00:00,BUY,1.17317,1.1704284,1.1704284,1.1813948,0.55,-274.16000000000105,-150.78800000000058,14861.570120000099,Stop Loss,82,2,True
2025-08-25 00:00:00,2025-08-25 19:05:00,SELL,1.17016,1.1607336100000005,1.17330213,1.1607336100000005,0.47000000000000003,942.6389999999562,443.04032999997946,15304.610450000078,Take Profit,229,2,True
2025-08-25 19:10:00,2025-08-26 00:00:00,BUY,1.1608,1.1633135714285714,1.159962142857143,1.1633135714285714,1.83,251.3571428571337,459.9835714285547,15764.594021428633,Take Profit,58,2,False
2025-08-26 00:05:00,2025-08-27 07:35:00,BUY,1.1633499999999999,1.15964919,1.15964919,1.1744524299999992,0.43,-370.0809999999776,-159.1348299999904,15605.459191428643,Stop Loss,378,3,True
2025-08-27 07:40:00,2025-08-27 08:10:00,BUY,1.16011,1.1593032142857143,1.1593032142857143,1.1625303571428571,1.93,-80.67857142857181,-155.7096428571436,15449.749548571499,Stop Loss,6,2,False
2025-08-27 08:10:00,2025-08-27 16:35:00,SELL,1.15904,1.16243127,1.16243127,1.1488661900000006,0.46,-339.1269999999835,-155.99841999999242,15293.751128571506,Stop Loss,101,2,True
2025-08-27 16:35:00,2025-08-28 17:00:00,BUY,1.16226,1.1690135100000003,1.16000883,1.1690135100000003,0.68,675.351000000024,459.23868000001636,15752.989808571523,Take Profit,293,2,True
2025-08-28 17:00:00,2025-08-29 01:20:00,BUY,1.16955,1.16670213,1.16670213,1.1780936100000003,0.55,-284.78700000000856,-156.6328500000047,15596.356958571518,Stop Loss,100,2,True
2025-08-29 01:40:00,2025-08-29 01:50:00,BUY,1.1665,1.1658817857142858,1.1658817857142858,1.168354642857143,2.52,-61.82142857142913,-155.7900000000014,15440.566958571517,Stop Loss,2,2,False
2025-08-29 01:55:00,2025-08-29 08:30:00,SELL,1.16585,1.16861745,1.16861745,1.1575476500000004,0.56,-276.7449999999893,-154.97719999999404,15285.589758571523,Stop Loss,79,2,True
2025-08-29 08:30:00,2025-08-29 12:30:00,BUY,1.1686,1.16518365,1.16518365,1.1788490500000006,0.45,-341.6350000000179,-153.73575000000807,15131.854008571514,Stop Loss,48,2,True
2025-08-29 12:30:00,2025-08-29 14:30:00,SELL,1.16577,1.1685874199999997,1.1685874199999997,1.1573177400000008,0.54,-281.7419999999737,-152.14067999998582,14979.713328571528,Stop Loss,24,2,True
2025-08-29 14:30:00,2025-09-02 07:30:00,BUY,1.16975,1.1665322999999999,1.1665322999999999,1.1794031000000007,0.47000000000000003,-321.7700000000212,-151.23190000000997,14828.481428571518,Stop Loss,491,2,True
2025-09-02 07:55:00,2025-09-05 09:05:00,SELL,1.16455,1.1684773099999999,1.1684773099999999,1.1527680700000003,0.38,-392.73099999999056,-149.2377799999964,14679.243648571522,Stop Loss,878,2,True
2025-09-05 09:05:00,2025-09-05 14:00:00,BUY,1.16848,1.1750124099999997,1.16630253,1.1750124099999997,0.67,653.240999999971,437.6714699999806,15116.915118571504,Take Profit,59,2,True
2025-09-05 14:05:00,2025-09-05 16:00:00,SELL,1.17439,1.1758975,1.1758975,1.1698675,1.0,-150.7499999999995,-150.7499999999995,14966.165118571504,Stop Loss,23,3,False
2025-09-05 16:15:00,2025-09-05 18:40:00,BUY,1.17541,1.1714673599999998,1.1714673599999998,1.1872379200000007,0.38,-394.2640000000219,-149.8203200000083,14816.344798571496,Stop Loss,29,2,True
2025-09-05 18:40:00,2025-09-08 13:10:00,SELL,1.1715,1.1750739,1.1750739,1.1607783000000003,0.41000000000000003,-357.3899999999907,-146.52989999999622,14669.8148985715,Stop Loss,221,2,True
2025-09-08 13:40:00,2025-09-08 18:55:00,SELL,1.17505,1.175827857142857,1.175827857142857,1.1727164285714284,1.8900000000000001,-77.78571428571634,-147.01500000000388,14522.799898571497,Stop Loss,63,2,False
2025-09-08 18:55:00,2025-09-09 14:05:00,BUY,1.17607,1.17269613,1.17269613,1.1861916099999996,0.43,-337.386999999989,-145.07640999999526,14377.7234885715,Stop Loss,230,2,True
2025-09-09 14:05:00,2025-09-15 12:00:00,SELL,1.17346,1.1763351599999998,1.1763351599999998,1.1648345200000003,0.5,-287.5159999999876,-143.7579999999938,14233.965488571506,Stop Loss,1126,4,True
2025-09-15 12:25:00,2025-09-15 12:30:00,SELL,1.17631,1.176877857142857,1.176877857142857,1.1746064285714286,2.5100000000000002,-56.78571428571199,-142.5321428571371,14091.43334571437,Stop Loss,1,2,False
2025-09-15 12:30:00,2025-09-16 16:15:00,BUY,1.1767,1.1857745500000003,1.17367515,1.1857745500000003,0.47000000000000003,907.4550000000236,426.5038500000111,14517.937195714381,Take Profit,333,2,True
2025-09-16 16:55:00,2025-09-17 10:10:00,BUY,1.18641,1.18349532,1.18349532,1.1951540399999998,0.5,-291.46799999999473,-145.73399999999737,14372.203195714384,Stop Loss,207,2,True
2025-09-17 10:20:00,2025-09-17 18:00:00,SELL,1.18351,1.1868756899999997,1.1868756899999997,1.1734129300000011,0.43,-336.5689999999643,-144.72466999998466,14227.4785257144,Stop Loss,92,2,True
2025-09-17 18:10:00,2025-09-17 18:40:00,SELL,1.18932,1.1850353571428571,1.1907482142857142,1.1850353571428571,1.0,428.4642857142806,428.4642857142806,14655.94281142868,Take Profit,6,2,False
2025-09-17 18:40:00,2025-09-17 18:45:00,BUY,1.1850100000000001,1.1837550600000002,1.1837550600000002,1.18877482,1.17,-125.49399999999265,-146.82797999999138,14509.11483142869,Stop Loss,1,2,True
2025-09-17 18:45:00,2025-09-17 18:50:00,BUY,1.1848,1.18350531,1.18350531,1.1886840700000005,1.12,-129.46900000001537,-145.00528000001722,14364.109551428672,Stop Loss,1,2,True
2025-09-17 18:55:00,2025-09-18 04:30:00,BUY,1.18342,1.1803910714285715,1.1803910714285715,1.1925067857142853,0.47000000000000003,-302.8928571428446,-142.35964285713698,14221.749908571535,Stop Loss,115,3,False
2025-09-18 04:30:00,2025-09-18 07:30:00,SELL,1.1802,1.18253135,1.18253135,1.1732059499999994,0.61,-233.1350000000176,-142.21235000001073,14079.537558571525,Stop Loss,36,2,True
2025-09-18 07:45:00,2025-09-18 12:30:00,BUY,1.18371,1.18093788,1.18093788,1.1920263599999998,0.51,-277.21199999999334,-141.3781199999966,13938.159438571529,Stop Loss,57,2,True
2025-09-18 12:30:00,2025-09-25 14:50:00,SELL,1.1801300000000001,1.1674304600000003,1.18436318,1.1674304600000003,0.33,1269.9539999999843,419.0848199999948,14357.244258571523,Take Profit,1467,2,True
2025-09-25 14:55:00,2025-09-29 00:05:00,SELL,1.16759,1.1715503799999998,1.1715503799999998,1.1557088600000003,0.36,-396.03799999998745,-142.57367999999548,14214.670578571528,Stop Loss,397,2,True
2025-09-29 00:30:00,2025-09-30 17:00:00,BUY,1.17163,1.1756,1.16921961,1.1788611699999996,0.59,397.0000000000029,234.2300000000017,14448.900578571529,End of backtest,486,2,True
